{
  "id": "paper-quest-the-abyss-equation",
  "title": "Paper Quest - The Abyss Equation",
  "version": "1.0.0",
  "compatibility": {
    "minimum": "11",
    "verified": "11"
  },
  "relationships": {
    "systems": [
      {
        "id": "dnd5e",
        "type": "system",
        "compatibility": {}
      }
    ]
  },
  "authors": [
    {
      "name": "Paper Quest",
      "email": "team.paperquest@gmail.com",
      "flags": {}
    }
  ],
  "packs": [
    {
      "name": "paper-quest-the-abyss-equation",
      "label": "Paper Quest - The Abyss Equation",
      "path": "packs/paper-quest-the-abyss-equation",
      "type": "Adventure",
      "ownership": {
        "PLAYER": "OBSERVER",
        "ASSISTANT": "OWNER"
      },
      "system": "dnd5e",
      "flags": {}
    }
  ]
}